,company,ESG_2021,E_2021,S_2021,G_2021,ESG_2020,E_2020,S_2020,G_2020,ESG_2019,E_2019,S_2019,G_2019
0,AJ네트웍스,B,D,B,B,B,D,B,B,B,D,B,B
1,AK홀딩스,B+,B,B+,B+,B+,C,B+,B+,B,C,B,B
2,BGF,A,A,A+,A,B+,B,A,B+,B,C,A,B
3,BGF리테일,A,A,A+,A,A,B+,B+,A,B,C,B+,B+
4,BNK금융지주,A+,A,A+,A+,A+,B+,A+,A+,A+,B+,A+,A+
5,BYC,B,D,B,B+,B,D,B,B+,B,C,B+,B+
6,CJ,A,B+,A+,A,A,B,A,A,A,B,A+,A
7,CJ CGV,A,B,A,A,A,B,A,A,B+,B,B+,A
8,CJ대한통운,A,A,A+,A,A,A,B+,A,B+,A,B+,B+
9,CJ씨푸드,B,C,B+,B+,B,C,B+,B+,C,D,C,B+
10,CJ제일제당,A,A,A+,A,A,A,A+,A,A,A,A+,A
11,CS홀딩스,B,D,C,B+,C,D,C,B,C,D,C,B
12,DB,B,D,B+,B+,B,D,B,B,B,D,B,B
13,DB금융투자,B,D,B+,B,B,D,A,B,B,D,B+,B
14,DB손해보험,A,A,A+,B+,B+,A,A,B+,B+,A,A,B+
15,DB하이텍,A,A,A,A,B+,B+,A,B+,B+,B+,A,B+
16,DGB금융지주,A+,A,A+,A+,A+,A,A+,A+,B+,A,A,B+
17,DL,A,A+,A+,B+,B+,A,B+,B+,B,B,C,B
18,DL건설,B+,B+,A,B+,B,B,B+,B,B+,B,B+,B+
19,DRB동일,B+,B,B+,B+,B,B,B+,B,B,B,B,B+
20,DSR,B,B,B,B,C,B,B,C,C,B,B,C
21,DSR제강,C,C,C,B+,C,C,B,C,C,C,B,C
22,E1,B+,B+,A,B+,B,C,A,B+,B,C,B+,B
24,F&F 홀딩스,B+,B+,A,B+,D,D,C,C,C,D,C,B
25,GKL,B+,B+,B+,B+,B+,C,A,A,B,C,B+,B
26,GS,A,A,A,A,B+,C,A,A,B,D,B+,B+
27,GS건설,A,A,A+,A,A,A,B+,A,A,B+,A,A
28,GS글로벌,B+,B,B+,A,B,D,B+,B+,B,D,B+,B+
29,GS리테일,A,A,A,A,B,C,B+,B+,B,C,A,B
30,HDC,B+,B,B+,A,B+,C,B+,B+,B,D,B+,B+
31,HDC랩스,B,C,B,B+,C,D,C,B,C,D,B,B
32,HDC현대EP,B+,B,B+,B+,B,B,B+,B,B,B,B,B
34,HD현대,A,A,A+,A,A,B+,A,A,A,B+,A+,B+
35,HJ중공업,B,C,B,B+,B,B,B,B+,C,C,C,B
36,HLB글로벌,C,D,C,B,C,D,B,C,D,D,C,C
37,HMM,A,A,A+,A,A,A,A+,A,B+,B+,B+,B+
38,HSD엔진,A,B+,A,A,A,B+,A,A,A,B+,A+,A
39,JB금융지주,A+,A,A+,A+,A+,A,A,A+,A,B+,A,A
40,JW생명과학,B,B,B+,B,B+,B+,B+,B+,B+,B+,B+,B+
41,JW중외제약,B,C,B+,B+,B,B,B+,B,B+,B,A,B+
42,JW홀딩스,B,D,B+,B+,B+,C,B+,B+,B,C,B+,B
43,KB금융,A+,A+,A+,A+,A+,A+,A+,A+,A+,A+,A,A+
44,KC그린홀딩스,B,D,C,B+,B,B,B+,B,B,B,B,B
45,KC코트렐,C,D,C,B+,B,B,B,B,B,B,C,B
46,KEC,B,B,B+,B,B,B+,B+,C,B,B,C,B
47,KG스틸,B,B+,B,B,B,B,B+,B,C,B,B,D
48,KG케미칼,C,C,C,B,D,C,C,D,C,C,C,C
49,KH 필룩스,C,C,B,C,C,C,B,B,B,B,B,B
50,KISCO홀딩스,B,B,B,B,C,B,B,C,B,B,C,B
51,KPX케미칼,C,B,C,C,B,B,C,B,B,B,C,B
52,KPX홀딩스,B,B,C,B+,C,C,C,B,C,C,C,B
53,KR모터스,C,D,C,B,C,D,C,B,C,D,B,C
54,KSS해운,A,B+,A+,A,B+,B,B+,B+,B+,B,B+,B+
55,KTcs,A,B+,A,A,B,D,B+,B+,B,D,B+,B+
56,KTis,A,B+,A+,A,B,D,B+,B+,B,D,B+,B+
57,LF,B,D,B,B+,B,D,B,B+,B,D,B,B+
58,LG,A,A,A+,A,A,B+,A+,B+,B+,B,A,B+
59,LG디스플레이,B+,B,A,B+,A,B+,A+,B+,B+,B+,A,B
60,LG생활건강,A,A,A+,A,A,A,A+,A,A,A,A+,B+
62,LG유플러스,A,A,A+,A,B,B+,B+,B,B+,B+,A,B+
63,LG이노텍,A,A,A+,A,A,A,A+,B+,B+,B+,A,B+
64,LG전자,A,A,A+,A,B+,A,A+,B,B+,A,A,B
65,LG헬로비전,B+,C,A,A,B+,D,B+,A,B+,C,B+,B+
66,LG화학,B+,B+,A,B+,B,C,A,B+,B,D,A,B+
67,LIG넥스원,A,A,A+,A,A,B+,A,A,B+,B+,A,B+
68,LS,A,B+,A+,B+,B+,B,B+,A,B+,B,A,B
69,LS네트웍스,C,D,C,B,B,D,B+,B,B,D,B,B
70,LS전선아시아,B,D,C,B+,B,D,C,B+,B,D,C,B+
71,LX인터내셔널,A,A,A+,A,A,A,A+,A,B+,C,A,B+
72,LX하우시스,A,A,A+,A,A,A,A+,A,A,A,A,B+
73,MH에탄올,B,B,D,B+,B,C,B,B+,B,C,B,B
74,NAVER,A+,A,A,A+,A,B+,A,A+,B+,B,A,B+
75,NH투자증권,A,A,A+,A,B+,B,A+,B+,B+,C,A,B+
76,NICE,B+,B,A,B+,B,D,B,B+,B,D,B,B+
77,NI스틸,C,D,C,B,C,D,C,B,D,D,C,C
78,OCI,A,B+,A+,A,A,A,A+,A,A,B,A+,A
79,PI첨단소재,B+,B+,B,B+,B,C,B,B+,B,B,C,B+
80,POSCO홀딩스,A,A,A,A+,A,A,B+,A+,A,B,B+,A+
81,S-Oil,A+,A,A+,A+,A+,A,A+,A+,A,B+,A+,A+
82,SBS,B,D,B+,B+,B,C,B,B+,B,C,B,B+
83,SGC에너지,B+,B+,A,B+,C,C,B,C,C,C,C,B
84,SG글로벌,C,C,C,C,D,C,C,D,D,C,C,D
85,SG세계물산,C,D,B,C,C,D,B,C,C,D,B,C
86,SHD,C,D,C,B,D,D,C,D,D,D,C,D
87,SH에너지화학,B,B,D,B+,C,C,C,B+,C,C,C,B+
88,SIMPAC,B,B,B,B,C,C,B,C,C,C,C,C
89,SK,A+,A+,A+,A+,A+,A,A+,A+,A,A,A,A
90,SKC,A,A,A+,B+,A,B+,A+,A,A,B+,A,A
91,SKC,A,A,A+,B+,A,B+,A+,A,A,B+,A,A
92,SK가스,A,A,A+,A,A,B+,A+,A,B+,B,B+,A
93,SK가스,A,A,A+,A,A,B+,A+,A,B+,B,B+,A
94,SK네트웍스,A,B+,A+,A,A+,B+,A+,A+,A+,B+,A+,A+
95,SK네트웍스,A,B+,A+,A,A+,B+,A+,A+,A+,B+,A+,A+
96,SK디스커버리,A,A,A+,A,A,B,A,A,B+,D,B+,A
97,SK디스커버리,A,A,A+,A,A,B,A,A,B+,D,B+,A
98,SK디앤디,A,A,A+,A,B,C,B,B+,B,C,B,B+
99,SK디앤디,A,A,A+,A,B,C,B,B+,B,C,B,B+
100,SK렌터카,A,B+,A+,B+,B,B,C,B,C,B,B,C
101,SK렌터카,A,B+,A+,B+,B,B,C,B,C,B,B,C
108,SK이노베이션,A+,A,A+,A+,A,A,A+,A,A,A,A+,A
109,SK이노베이션,A+,A,A+,A+,A,A,A+,A,A,A,A+,A
110,STX엔진,B+,B,B,B+,B+,B+,B+,B,B,B+,B,B
112,SUN&L,B+,B,B,B+,B+,B,B,B+,B,B,B+,B
113,TCC스틸,B,B,C,B,C,B,B,C,C,C,B,C
114,TYM,A,B+,A+,B+,B+,B,B+,B+,C,B,B+,C
115,WISCOM,C,C,C,B+,C,C,C,B+,C,C,C,B
116,YG PLUS,C,D,C,B,B,D,B,B,C,D,C,B
117,가온전선,B+,B,B+,B+,B+,B,B+,B+,B,B,C,B+
118,강남제비스코,B,B,B,B+,B,B,C,B,C,C,C,B
119,강원랜드,A,B+,A,A,A,B,A,A,B+,B+,A,B
120,갤럭시아에스엠,C,D,D,B,C,D,C,C,D,D,D,C
121,경농,B,B,B,B,C,B,B+,C,C,B,B+,C
122,경동나비엔,B+,B+,B+,B+,B+,B,B+,B+,B+,B,A,B
123,경동도시가스,A,B+,A,A,B+,B,A,B+,B+,B,A,B+
124,경동인베스트,B+,B+,A,B+,B,C,B,B+,C,C,B+,C
125,경방,C,C,C,B+,C,C,B,B,C,C,B,B
126,경보제약,B+,B+,A,B+,B,B,B,B,B,B,B,B
127,경인양행,C,C,B,B,B,B,C,B,B,B,C,B
128,경인전자,C,D,C,B,C,D,C,B,C,D,C,B
129,계룡건설산업,C,D,D,B+,B,B,B,B+,B+,B,B+,B+
130,계양전기,B,B,B+,B,B,B,B+,B,B,B,B+,B
131,고려산업,C,C,D,B,C,C,C,C,C,C,C,C
132,고려아연,B,B+,C,B+,B+,B+,B,B+,B,B,B,B
133,고려제강,B+,B+,B,B+,B,B+,B+,C,C,B+,B,D
134,광동제약,B,C,B+,B+,B,C,B+,B+,B,C,B,B+
135,광명전기,C,C,D,B,C,C,C,C,C,C,B,D
136,광전자,B,C,B,B+,B,C,B,B+,B,B,B,B
137,광주신세계,A,B+,A,A,B+,C,A,B+,B,D,B,B+
138,교보증권,B,D,B+,B,B,D,B+,B,B,D,B+,B
139,국도화학,B,B,C,B+,B,B,B,B,C,B+,C,C
140,국동,B,D,B,B+,B,D,C,B+,C,D,C,B
141,국보,D,D,D,C,C,B,C,C,C,B,C,C
142,국제약품,B,D,B,B+,C,D,B,C,C,D,B,B
143,그린케미칼,B,B,C,B,B,B,B,B,B,B,C,B
144,극동유화,B,B,C,B,B,B,C,B,B,B,C,B
145,금강공업,C,C,C,B+,C,C,B,B,C,C,B,C
146,금비,C,C,C,B,C,C,B,C,C,C,B,C
147,금양,C,D,C,B+,D,D,C,C,C,D,C,B
148,금호건설,C,C,D,C,C,B,B+,C,B,B,B,B
149,금호석유화학,B+,B,A,A,A,B+,A,A,B+,B+,B+,B+
150,금호에이치티,C,C,C,B,D,D,C,C,D,D,C,C
151,금호전기,B,C,B,B+,B,B,B,B,C,B,B+,C
152,금호타이어,B+,B+,A,B+,B,B,C,B+,B+,B,B+,B+
153,기신정기,C,D,C,B,C,D,B,B,C,D,C,B
154,기아,A+,A+,A+,A,A,A,A+,B+,B+,A,A,B
155,기업은행,A,A,A+,A,B+,B+,A,B+,B+,B,A,B+
156,까뮤이앤씨,C,D,C,B+,C,D,C,B,C,D,C,B+
157,깨끗한나라,B,B+,B,B,B+,B,B+,B+,B,B,B+,B
158,남광토건,C,D,C,B,B,B,B,B,B,B,B,B
159,남선알미늄,C,C,B,B,B,C,B+,B,C,B,B+,C
160,남성,C,D,C,B,C,D,B,B,C,D,C,B
161,남양유업,B+,B+,B+,B+,B,C,B+,B+,B,C,B+,B
162,남해화학,B,C,B,B+,B,B,B,B+,B+,B,B+,B+
163,넥센,B+,B+,A,B,B+,B,B+,B+,B,B,B,B
164,넥센타이어,B+,B+,A,B+,B+,B+,B+,B,B,B+,B,B
165,넷마블,B+,D,B+,A,B,D,B+,B+,B,D,B+,B
166,노루페인트,A,A,A+,B+,B,B,B,B,C,C,B,B
167,노루홀딩스,A,A,A+,B+,C,C,B,C,C,C,B,C
168,녹십자,B+,B+,B+,B+,B+,B,A,B,B+,B,A,B
169,녹십자홀딩스,B+,B+,B+,B+,B,C,B+,B,B+,C,A,B+
170,농심,B+,B,A,B,B+,B+,A,B,C,B+,B+,D
171,농심홀딩스,B+,B,A,B+,B+,B,B+,B+,B,B,B+,B
172,다스코,B,B,C,B+,B,C,B,B+,B,C,C,B+
173,다올투자증권,B+,C,A,B+,C,D,B,C,C,D,B,C
174,다우기술,B+,B,A,B+,B,C,B+,B,C,D,B+,C
175,다이나믹디자인,C,C,C,C,C,D,C,C,D,D,D,C
176,대교,B+,D,B+,A,B+,D,B+,A,B+,D,B+,A
177,대구백화점,B,D,B+,B+,B,D,B,B+,B,D,B,B+
178,대덕,A,B+,A,A,A,B+,A,A,B,B,B+,B
179,대동,B+,B,B,B+,B,B,B,B,B,B,B,B
180,대동전자,C,C,C,B+,C,B,C,C,C,B,C,C
181,대림비앤코,C,C,C,B+,B,C,B,B+,C,C,B,B
182,대림통상,C,C,C,C,B,B,B,B,C,B,B,C
183,대상,A,A,A+,B+,B,B,B+,B,B,B,B+,B
184,대상홀딩스,A,A,A+,B+,B,C,B,B,B+,C,B+,B+
185,대성산업,C,C,C,B+,C,C,B,C,C,D,C,B
186,대성에너지,B,B,B,B,B,B,B+,B,B,B,B,B
187,대성홀딩스,B,C,B+,B,B,C,B+,B,B,C,B+,B
188,대신증권,A,B,A+,A,B,D,B+,B+,B,C,B,B+
189,대양금속,C,C,C,B,B,B,C,B,B,B,C,B
190,대영포장,C,C,C,C,C,B,C,D,C,B,C,D
191,대우건설,A,B+,A,A,B+,A,B+,B+,B+,B+,A,B+
192,대우부품,C,C,C,B,D,D,C,C,C,D,C,B
193,대우조선해양,A,B,A+,A,B+,B+,B,A,B,B+,C,B+
194,대웅,B,D,B+,B,C,C,B+,C,C,C,B+,C
195,대웅제약,C,D,B,B,B+,B,A,B+,B,B,B+,B
196,대원강업,B,B,C,B+,B,B,B+,B,B+,B,B+,B+
197,대원전선,C,C,C,B,C,C,C,C,C,B,D,C
198,대원제약,B,D,B,B+,B,D,B+,B+,B,C,B+,B+
199,대원화성,B,B,B,B+,B+,B+,B,B+,C,B,B,C
200,대유에이텍,C,C,C,B,C,C,C,C,C,B,B,C
201,대유플러스,C,C,C,C,C,C,C,C,C,C,D,C
202,대창,C,B,B,C,C,B+,B,C,C,B,C,C
203,대창단조,B,B,C,B+,B,B,B,B,B,B,C,B
204,대한방직,C,C,C,B+,C,C,C,B+,C,C,C,B+
205,대한유화,B,B,B,B+,B,B+,B+,C,C,B,B+,C
206,대한전선,A,A,A+,A,B+,B,B+,B+,B,B,C,B
207,대한제강,B,B,B,B,B,B+,B,B,B,B+,C,B+
208,대한제당,B,B,C,B+,C,C,C,B,C,C,C,B
209,대한제분,B,C,C,B+,C,C,B,C,B,C,B,B
210,대한항공,A,A,A+,A,A,A,A+,B+,B+,B+,A,B
211,대한해운,B,D,B,B+,B,C,B,B,C,D,B+,C
212,대한화섬,B+,B,B+,B+,C,B,B+,C,B,B,B+,B
213,대현,B,D,B,B+,C,D,C,B,C,D,C,B+
214,대호에이엘,B,B,C,B,B,B,C,B,C,B,C,D
215,더블유게임즈,B,D,B+,B+,B,D,B+,B+,B,D,C,B+
216,더존비즈온,B,C,B,B,B,C,B+,B,C,D,B,C
217,덕성,C,C,C,B+,B,B,C,B+,B,B,C,B
218,덕양산업,C,C,C,B,B,B,B,B,B,B,B,B
219,덴티움,B,D,B,B+,C,D,C,B+,C,D,C,B+
220,도화엔지니어링,B+,B,B,B+,B+,B,B,B+,B,B,C,B+
221,동국제강,B+,B+,B,B+,B+,B+,A,B,B,B,B,B
222,동남합성,C,D,C,B,C,D,C,B,C,D,C,B
223,동방,C,B,D,B,C,B,C,C,C,B,C,C
224,동방아그로,C,D,C,B+,C,D,C,B,C,D,C,B
225,동부건설,C,C,D,B+,C,C,B,B,C,C,B,B
226,동서,C,D,C,B,C,D,B,C,C,C,B,C
227,동성제약,C,D,C,B+,C,D,B,B,C,C,C,C
228,동성케미컬,B+,B,B+,B+,B,B,B+,B,B+,B,B+,B+
229,동아쏘시오홀딩스,A,B+,A+,A,B+,C,A,A,B+,C,B+,A
230,동아에스티,A,B+,A+,A,B+,D,B+,A,B+,B,A,B+
231,동아지질,C,D,D,B,C,C,C,C,C,C,B,B
232,동아타이어,C,D,C,B+,B,C,B,B,C,C,C,B
233,동양,C,C,C,B+,C,C,C,B,C,C,D,C
234,동양고속,B,C,C,B+,B,C,B,B+,B,C,B,B+
235,동양생명,B+,C,A,B+,B,D,B+,B+,B,D,B+,B
236,동양철관,C,D,D,B,C,C,C,C,C,C,C,C
237,동양피스톤,B,B,C,B+,B,B,B,B+,B,B,B,B+
238,동원F&B,B+,B,A,B,B,B,B+,B,B,C,B,B
239,동원금속,C,D,C,B+,B,C,B,B+,B,B,B,B
240,동원산업,B,C,B+,B+,B,C,B,B+,B,C,B+,B
241,동원수산,C,D,C,B+,C,D,B,B,C,D,B,B
242,동원시스템즈,B,C,B+,B,C,B,B,C,C,B,B+,C
243,동일고무벨트,B+,B,B+,B+,B+,B,B+,B+,B,B,B,B
244,동일산업,B,B,C,B+,B,B+,C,B+,B,B+,C,B+
245,동일제강,C,C,C,B,C,C,C,B,C,C,C,B
246,동화약품,B,D,B+,B,B,D,B+,B,C,C,B+,C
247,두산,A,A,A+,B+,A+,A+,A+,A,A,A,A+,A
248,두산밥캣,B+,C,A,A,B+,D,A,A,B,D,B,A
249,두산에너빌리티,A,A+,A,B+,A,A,A+,B+,A,A,A+,A
251,두올,B,C,B,B+,B,C,B,B+,B,C,B,B+
253,디씨엠,C,D,C,B+,C,C,C,B,C,C,C,B
254,디아이,B,D,B,B+,B,B,B,B,C,B,C,C
255,디아이동일,C,D,C,B+,D,D,C,C,C,D,C,B
256,디아이씨,C,C,C,B,C,C,B,C,C,C,C,B
257,디와이,B,C,C,B+,C,C,C,B+,C,C,C,B+
258,디와이파워,B,C,C,B+,C,D,B,B,C,D,C,B
259,디티알오토모티브,B,B,C,B+,B,B,C,B,C,B,D,B
260,락앤락,C,C,C,B+,C,C,B+,C,B,B,B+,B
261,롯데관광개발,B,D,B,B,C,D,B,C,C,D,B,D
262,롯데손해보험,A,B,A+,A,B+,C,A,A,B+,C,A,B+
263,롯데쇼핑,A,A,A+,A,A,A,A+,A,A,A,A,A
264,롯데정밀화학,A,A,A+,A,A,A,A+,A,A,B+,A+,A
266,롯데제과,A,A,A,A,A,A,A+,B+,A,A,A,B+
267,롯데지주,A,B+,A+,A,B+,B,A,B,B+,B,A,B+
268,롯데칠성음료,A,B+,A+,A,B+,B+,A,B+,B+,B+,A,B
269,롯데케미칼,A,B,A+,A,A,B+,A,A,B,C,A,B+
270,롯데푸드,A,B+,A,A,A,B+,A+,B+,B+,B+,A,B+
271,롯데하이마트,A,A,A+,A,A,B+,A+,A,A,B+,A+,B+
272,마니커,C,D,B,B,C,D,B+,C,C,D,B,C
273,만도,A,B+,A+,A,A,A,A+,A,B+,B+,A,B+
274,만호제강,C,C,C,B+,C,C,B,B,B,C,B,B+
275,메리츠금융지주,B+,D,B+,A,B+,D,B+,A,B+,D,B+,A
276,메리츠증권,B+,C,A,B+,B+,B,A,B+,B+,C,B+,A
277,메리츠화재,B,D,B+,B+,B,D,B+,B+,B,D,B+,B+
278,메타랩스,C,D,C,B+,C,D,B,B,C,D,C,B
279,명문제약,B,D,B,B+,C,D,B,B,B,C,B,B
280,모나리자,B,B,C,B,B,B,B,B,B,B,B,B
281,모나미,C,D,C,B,C,D,C,B,C,D,C,C
282,모토닉,B,B,B,B+,B,B,B,B,B,C,B,B+
283,무림P&P,A,B+,A,A,B+,B+,B+,B+,B+,B+,B+,B
284,무림페이퍼,A,B+,B+,A,B+,B+,B+,B+,B+,B+,B+,B
285,무학,B,D,B,B+,C,B,C,C,C,B,C,C
286,문배철강,C,D,C,B,C,D,C,B,C,D,C,B
287,미래산업,C,C,C,C,B,B,C,B,B,B,B,B
288,미래아이앤지,C,D,C,C,C,D,C,C,C,D,C,B
289,미래에셋생명,B+,C,A+,B+,B,D,B+,B,B,D,B+,B
290,미래에셋증권,B+,A,A+,B,A,B+,A+,B+,B+,B+,A,B+
291,미원상사,C,C,D,B,C,D,B,B,C,D,C,B
292,미원에스씨,C,C,C,B+,C,C,C,B,C,C,C,B
293,미원홀딩스,C,C,C,B,C,C,C,C,C,C,C,B
294,미원화학,C,C,C,B+,C,C,C,C,C,D,B,C
295,미창석유공업,C,C,C,B,C,C,C,B,C,C,C,B+
296,방림,C,C,C,B+,B,B,C,B,B,B,C,B
297,백광산업,B,B,C,B,C,B,C,D,C,B,C,C
298,백산,C,C,B,B,C,C,B,B,C,B,B,C
299,범양건영,C,D,B,C,C,D,C,B,D,D,C,C
300,벽산,B,B+,B,B,C,B,B,C,B,B,B,B
301,보락,C,D,C,B,C,D,C,B,C,D,C,C
302,보령,B+,B,A,B+,C,D,B,B,B,C,B,B
303,보해양조,C,D,C,B,B,B,B,B,B,B,B,B
304,부광약품,C,D,D,B+,C,D,C,B,B,C,C,B+
305,부국증권,C,D,B,C,B,D,B,B,C,D,B,C
306,부국철강,C,D,C,B,D,D,C,C,C,D,C,B
307,부산산업,C,D,D,B,D,D,C,C,D,D,D,C
308,부산주공,C,B,D,B,C,B,C,C,C,B,D,C
309,비비안,D,D,C,C,C,D,B,B,C,D,B,B
310,비상교육,B,D,B+,B+,B,D,B+,B,B,D,B+,B+
311,비케이탑스,C,D,C,C,C,D,B,D,C,D,C,B
312,빙그레,A,A,A+,A,A,B+,A+,A,A,B+,A,A
313,사조대림,B+,C,A,B+,C,D,B,B,C,D,B,C
314,사조동아원,B,C,B,B+,C,D,C,B,C,D,B,B
315,사조산업,B,C,B,B+,D,D,C,D,C,D,B,D
316,사조씨푸드,B,C,B+,B+,C,D,B,B,C,D,C,C
317,사조오양,C,D,B,C,C,D,B,C,C,D,B,C
318,삼부토건,C,C,D,B+,C,C,B,B,C,C,B,B
319,삼성SDI,A,A,A+,B+,A,A,A,A,A,B+,A+,B+
320,삼성공조,C,C,C,B,C,C,C,B,C,C,C,B
321,삼성물산,A,A,A+,A,A,A+,A,B+,A,A+,A,A
322,삼성바이오로직스,A,A,A+,A,B+,B,A,B+,B+,C,A,B+
323,삼성생명,A,A,A+,B+,B+,A,A,B+,B+,A,A,B+
324,삼성에스디에스,A,A,A+,A,A,B+,A+,A,B+,B+,A,B+
325,삼성엔지니어링,A,A,A+,A,A,A,A+,A,A,A,A+,A
326,삼성전기,A,A,A+,B+,A,A,A+,A,A,A,A+,A
327,삼성전자,B+,A,A+,B,A,A,A+,B+,B+,B+,B+,B
328,삼성제약,C,D,C,B,C,B,C,D,C,B,C,D
329,삼성중공업,B+,B,A,B+,B+,B+,B,A,B+,B+,B+,B+
330,삼성증권,A,A,A+,B+,B+,B,A+,B,B+,B,A,B
331,삼성출판사,C,D,D,B+,C,D,C,B,C,D,C,C
332,삼성카드,A,A+,A+,A,B,D,B+,B+,B,D,B+,B+
333,삼성화재해상보험,A,A+,A+,B+,A,A+,A+,A,A,A+,A+,A
334,삼아알미늄,B,B,C,B+,B,B,C,B,B,B+,C,B
335,삼양사,A,A,A,B+,B+,B+,B+,B,B+,B+,B+,B
336,삼양식품,A,A,A+,A,B,B,B,B,C,C,B,D
337,삼양통상,B,C,C,B+,C,B,C,D,B,B,C,B
338,삼양패키징,B+,B,B+,B+,C,C,B+,C,B+,B,B+,B+
339,삼양홀딩스,B+,A,A,B,B+,B,B+,B+,C,B,B+,D
340,삼영무역,B,D,C,B+,C,D,C,C,C,D,C,C
341,삼영전자공업,B,B,B,B+,B+,B+,B+,B,B,B,B+,B
342,삼영화학공업,B,B,C,B,C,B,C,C,B,B,C,B
343,삼원강재,C,B,D,B,B,B+,C,B,B,B,C,B
344,삼익THK,B+,B,B,B+,B+,B,B,B+,C,B,B,C
345,삼익악기,C,D,C,B+,C,D,C,B,C,D,C,C
346,삼일씨엔에스,B,C,B,B+,B,C,B,B+,B+,B,B+,B+
347,삼일제약,B,D,B,B+,B,D,B+,B,C,C,C,B
348,삼정펄프,C,C,D,B,C,C,B,C,C,C,B,C
349,삼진제약,B,D,B,B+,B,D,B+,B,B,D,B+,B
350,삼천리,B+,B,A,B+,B+,B+,A,B+,B+,B,A,B+
351,삼호개발,C,D,D,B,D,D,C,C,C,D,C,B
352,삼화왕관,B,B,C,B,B,B,C,B,B,B+,C,B
353,삼화전기,C,C,C,B,C,C,B,B,C,C,C,B
354,삼화전자공업,C,C,C,B,D,D,C,C,C,D,B,B
355,삼화콘덴서공업,C,C,B,B,B,B,B,B,B,B,B,B
356,삼화페인트공업,B+,B+,B+,A,B+,B,B+,B+,B+,B,B+,B+
357,상상인증권,C,D,B,D,C,D,B,C,C,D,B,D
358,상신브레이크,B,B,B,B,B,B,B,B,B,B,B,B
359,새론오토모티브,C,C,C,B,B,B,B,B,C,B,C,C
360,샘표,B,B,B+,B,C,B,B+,C,C,B,B+,C
361,샘표식품,B,B,B+,B,C,B,B+,C,B+,B+,B+,B
362,서연,B+,B+,A,B+,B+,C,B+,B+,B+,C,B+,B+
363,서연이화,A,B+,A,A,B+,B,B+,B+,B+,B,B+,B+
364,서울도시가스,B+,C,B+,A,B,C,B+,B,B,C,B+,B
365,서울식품공업,B+,B,B,B+,B,B,B,B,C,B,B,C
366,서원,B,B,C,B+,B,B,C,B,B,B,C,B
367,서흥,B,C,B,B+,C,C,C,B,C,C,C,C
368,선도전기,C,C,C,B,B,B,C,B,C,B,B,C
369,선진,B+,B,A,B,B,D,B,B+,B,D,B,B+
370,성문전자,C,C,C,C,C,C,B,C,C,C,C,C
371,성보화학,B,D,B,B+,C,D,B,B,C,D,B,B
372,성신양회,B+,B+,B+,B+,C,B+,B,C,B,B,C,B
373,성안,D,D,C,C,C,C,C,B,D,D,C,C
374,성창기업지주,C,D,C,C,C,D,C,C,C,D,C,C
375,세기상사,C,D,C,B,C,D,C,C,B,D,B,B
376,세방,B,B,D,B+,B+,B,B+,B+,C,B,B,C
377,세방전지,B,B,B,B+,B,B+,B,B,B,B+,B,B
378,세아베스틸지주,B+,B+,B,B+,B,B,B,B+,C,B,B,C
380,세아제강지주,B+,B+,B+,B+,B,C,B,B,B,D,B,B
381,세아특수강,B+,B+,B+,B+,B,B,C,B,B,B,C,B
382,세아홀딩스,B+,B+,B+,B+,B,C,B,B+,B,C,B,B
383,세우글로벌,D,D,C,D,C,B,C,C,C,B,C,C
384,세원이앤씨,C,D,C,B,B,B,B,B,C,B,C,C
385,세원정공,C,C,B,C,C,C,B+,D,D,C,C,D
386,세이브존I&C,C,D,C,B,C,D,B,C,C,D,C,C
387,세종공업,B,B,B,B,C,B,B+,C,C,B,B,D
388,세진중공업,C,C,C,B+,B,D,B+,B+,B,D,B,B+
389,세하,B,B,B,B,B,B+,B,B,B,B+,B,B
391,센트럴인사이트,D,D,C,D,B,B,C,B,B,B,C,B
392,셀트리온,B,C,B+,B+,B+,B,B,B+,B+,B,B,B+
394,송원산업,C,B,B,C,B,B+,B+,C,C,B,B+,C
395,수산중공업,C,D,C,B+,B,B,B,B,B,B,B,B
396,스틱인베스트먼트,C,D,C,B+,B,D,B,B+,B,D,B,B+
397,시디즈,C,C,C,C,C,D,C,B,C,D,C,C
398,신대양제지,C,C,C,B,C,C,C,C,C,C,B,C
399,신도리코,C,C,C,B+,B,B,B+,B,B+,B,B+,B+
400,신라교역,C,D,D,B+,C,D,C,B,C,D,B,C
401,신성이엔지,B,B,C,B+,C,C,C,B,B,B,B,B
402,신성통상,C,C,C,B,C,C,D,C,D,D,D,C
403,신세계,A,A,A+,A,A,B+,A,A,B+,B+,A,B+
404,신세계I&C,B+,B,B+,A,B+,B,B+,B+,B+,B,B+,B+
405,신세계건설,B+,C,A,A,B,C,B,B+,B,C,B,B+
406,신세계인터내셔날,A,B+,A,A,A,B,A,A,B+,B,A,B+
407,신세계푸드,A,B+,A,A,B+,B,B+,B+,B+,B,B+,B+
408,신송홀딩스,C,D,C,B,B,D,B,B+,B,D,B,B
409,신영와코루,C,D,B,B,C,D,B,C,C,D,B,C
410,신영증권,B,D,C,B+,B,D,B,B+,B,C,B,B+
411,신원,C,D,B,B,D,D,C,C,D,D,C,D
412,신일전자,C,D,D,B+,C,D,C,B,C,D,B,B
413,신풍제약,B,D,B,B+,B,D,B,B+,B,C,B,B+
414,신풍제지,B+,B,B,B+,B,B+,C,B,B+,B+,B,B+
415,신한지주,A+,A+,A+,A+,A+,A+,A,A+,A+,A+,B+,A+
416,신흥,B,D,B,B,B,D,B,B,B,D,B,B
417,쌍방울,C,D,B,C,C,D,B,C,C,D,B,C
418,쌍용씨앤이,A,A,A,B+,B+,B,B+,B+,B+,B+,B+,B+
419,쌍용자동차,B+,B+,B,B+,B+,B+,B,B+,B,B+,B,B
420,써니전자,C,D,B,B,C,C,B,B,C,C,B,B
421,쎌마테라퓨틱스,D,D,C,D,C,D,C,C,C,D,C,C
422,씨아이테크,C,D,C,C,C,D,C,C,C,D,C,C
423,씨에스윈드,B,B,C,B+,B,B,C,B,B,B,C,B+
424,아남전자,C,C,C,B,C,C,C,C,C,C,C,C
425,아모레퍼시픽,A,A,A+,A,A,A,A+,A,A,A,A+,B+
426,아모레퍼시픽그룹,A,A,A+,A,A,A,A+,A,A,A,A+,B+
427,아세아,B+,B,B+,B+,C,C,B,C,C,B,B,C
428,아세아시멘트,B+,B+,B+,B,B+,B+,B+,B,B,A,A,C
429,아세아제지,B,C,B+,B,B,C,B,B,B,B,C,B
430,아센디오,C,D,D,B,C,D,B,C,C,D,B,C
432,아시아나항공,C,B+,A,D,B,B+,B+,C,B,B+,B+,C
433,아이마켓코리아,B,D,B+,B+,B,D,B,B+,B,D,B+,B+
434,아이에스동서,B+,B,B+,B+,B,B,B,B+,C,B,D,B
435,아이에이치큐,C,D,C,B,B,D,B,B+,B,D,C,B+
436,알루코,C,C,D,B,B,B,B,B,C,C,B,B
438,애경케미칼,B,B,C,B,B,B+,C,B,B,B+,C,B
439,에넥스,B,C,B,B,B,B,B+,B,C,B,B+,C
441,에스엘,B+,B+,B+,B+,C,B,B+,D,C,B,B+,D
442,에스엠벡셀,C,C,C,C,C,C,C,C,C,C,C,B
443,에스원,A,B,A,A,B+,B,A,B+,B+,B,B+,B+
444,에스제이엠,B,C,B,B+,C,C,B,C,C,C,B,B
445,에스제이엠홀딩스,B,C,B,B,B,C,B,B,B,C,B,B+
447,에쓰씨엔지니어링,C,C,C,B,C,C,B,B,C,B,C,C
449,에이블씨엔씨,B+,C,B+,B+,C,D,B,C,D,D,C,C
450,에이엔피,C,C,C,B,C,B,C,C,C,B,C,D
451,에이프로젠 MED,C,D,C,C,C,C,D,C,C,B,D,C
452,에이프로젠제약,C,D,C,C,C,D,C,C,D,C,C,D
453,엔씨소프트,A,B+,A,A,B+,D,B+,A,B,D,B,B+
454,엔에이치엔,B+,C,A,A,B,D,B+,B+,B,D,B,B+
455,엔케이,C,B,C,C,C,B,C,C,C,B,C,D
456,엔피씨,C,C,D,C,C,C,C,C,C,C,C,C
457,엘에스일렉트릭,A,B+,A+,B+,A,B+,A+,B+,A,A,A,A
459,영보화학,B,B,C,B,B,B,B,B,B,B,B,B
460,영원무역,B+,B+,B+,B+,B,D,B,B+,C,D,C,B
461,영원무역홀딩스,A,B+,B+,A,B,D,B,B,C,D,C,B
462,영진약품,B+,B+,A,B+,B,D,B+,B+,B,C,B,B
463,영풍,C,D,C,B+,C,D,B,D,D,D,C,C
464,영풍제지,B,B,C,B,B,B,C,B,C,B,C,C
465,영화금속,C,C,C,B+,B,B,C,B,C,C,C,B
466,영흥,B,C,B,B+,B,C,B,B+,C,C,B,B
467,예스코홀딩스,B+,B,B+,B+,B,D,B+,B+,B,D,B+,B+
468,오뚜기,A,B+,A+,B+,B+,B+,A,B,B+,B+,A,B+
469,오리엔트바이오,C,D,C,C,C,B,B,C,B,B,B,B
470,오리온,A,A,A,B+,B+,B,B+,A,B+,B,B,B+
471,오리온홀딩스,A,A,A,A,B+,C,B+,A,B+,C,B+,B+
472,와이투솔루션,D,C,C,D,D,C,C,D,C,B,B,C
473,용평리조트,C,C,C,B,B,C,B,B,B,B,B,B
475,우리종금,B,D,B+,B,B,D,B,B,C,D,C,C
476,우성,C,D,C,B+,C,D,C,C,C,D,B,C
477,우신시스템,B,C,C,B+,B+,B,B,B+,B,B,C,B
478,우진,B,C,C,B+,B+,B,B,B+,B,B,B,B
480,우진플라임,B,B,C,B,B,B,B,B,B,B,B,B
481,웅진,B,D,B+,B+,B,D,B,B+,C,D,B,C
482,웅진씽크빅,B+,B,A,B+,B,D,B,B,B,D,B,B+
483,원림,C,D,B,B,C,D,B,C,C,D,C,B
484,웰바이오텍,B,D,B,B,B,D,B,B,C,D,C,C
485,윌비스,C,D,D,B+,C,D,C,C,C,D,C,C
486,유나이티드,B,C,B,B+,B,B,B+,B,B+,B,A,B
487,유니드,B+,B,B+,B+,B,B,B,B,B,B,C,B
488,유니온,B,B,B,B,C,C,B,C,C,C,B+,C
489,유니온머티리얼,B,B,C,B,B,B,B,B,C,C,B,B
490,유니켐,B,C,C,B+,B,B,C,B,B,B,C,B+
491,유니퀘스트,B,B,C,B+,B,D,C,B+,B,D,C,B+
492,유성기업,C,B,D,C,C,B,C,C,C,B,B,C
493,유수홀딩스,B+,D,B,A,B,C,B,B+,B,D,B+,B+
494,유안타증권,C,D,C,B,B,D,B+,B,B,D,B,B
495,유엔젤,C,D,C,B,C,B,C,C,C,B,C,C
496,유유제약,B,D,B,B+,B,B,C,B,B,B,C,B+
497,유진증권,C,C,C,B,B,C,B+,B,C,D,C,B
498,유한양행,B+,B+,A,B+,B+,B+,B+,B+,B+,B+,B+,B+
499,유화증권,C,D,C,C,C,D,C,B,D,D,C,D
500,율촌화학,B,B,B,B+,B,C,B+,B+,B,C,B+,B+
501,이건산업,C,D,C,B+,B,C,B,B,C,C,C,C
502,이구산업,B,B,C,B+,B,B,C,B,B,B,C,B
503,이노션,A,B+,A,A,B+,D,A,A,B+,C,B+,B+
504,이마트,A,A,A,A,A,A,A+,A,B+,B+,A,B+
505,이수페타시스,B,B,A,C,B,B+,B+,C,B,B+,B+,C
506,이수화학,B,B,B+,B,C,B,B,C,C,B,B,C
507,이스타코,C,D,C,B,C,D,C,B,C,D,C,C
508,이아이디,D,D,C,C,D,D,C,C,D,D,D,C
509,이엔플러스,C,D,B,B,B,B,C,B,C,B,C,C
510,이연제약,B,D,B,B+,C,D,B,B,B,C,B,B+
511,이월드,C,D,C,B,C,D,C,B,C,D,C,C
512,이화산업,C,D,C,B,C,C,C,C,C,C,C,C
513,인디에프,C,D,B,B,C,D,B,B,C,D,B,C
514,인바이오젠,C,D,C,C,C,D,B,C,B,D,B,B
515,인스코비,C,D,C,B,C,B,C,C,C,B,B,C
516,인지컨트롤스,C,D,C,B,C,C,B,C,C,B,B,C
517,인천도시가스,C,D,C,B,B,C,B,B+,B,D,B,B+
518,인터지스,B,B,C,B+,B+,B,B,B+,B+,B,B+,B+
519,인팩,C,D,C,B+,C,C,C,B,C,C,B,B
520,일동제약,A,B+,A,A,A,B+,A+,B+,B+,C,A,A
521,일동홀딩스,A,B+,A,A,B+,B,A,B+,B+,C,A,B+
522,일성건설,B,B,C,B+,B,B,B,B,C,B,C,C
523,일성신약,C,D,C,B+,C,D,B,B,B,C,B,B
524,일신방직,B+,B,B,A,B,B,B,B,C,C,C,B+
525,일신석재,C,D,C,B,C,D,C,B,D,D,C,C
526,일양약품,C,D,C,B+,B,D,B,B+,B,C,B,B
527,일정실업,C,C,C,C,C,C,C,C,C,B,C,C
528,일진다이아,C,D,C,B,C,C,B,B,C,C,B,B
529,일진디스플,B,B,B,B,B,B,B,B,B,B,C,B
530,일진머티리얼즈,C,C,C,B,C,B,C,C,B,B,B,B
531,일진전기,C,C,C,B,C,C,B,C,C,B,D,B
532,일진홀딩스,C,C,C,B,B,C,B,B,C,C,D,B
533,잇츠한불,B+,B+,B,B+,B,C,B,B,B,B,B,B
535,자화전자,C,C,C,B+,B,B,B+,B,B,B,B,B
536,전방,C,C,B,B,C,C,B+,C,C,C,B,C
537,제이에스코퍼레이션,C,D,C,B+,C,D,C,B+,C,D,C,B+
538,제이준코스메틱,C,D,C,B,C,D,C,B,C,D,C,B
539,제일기획,B+,C,A,B+,B+,D,A,B+,B,D,B+,B+
540,제일약품,C,D,B,B,C,D,B,B,C,D,B,B
541,제일연마,C,C,C,B+,C,C,C,B,C,C,D,B+
542,제일파마홀딩스,B,D,B,B,B,D,B,B,B,D,B,B
543,제주은행,A,B,A+,A,B+,C,A,A,B+,C,B+,B+
544,제주항공,B+,B,B+,B+,B,C,B+,B+,B,C,B,B+
545,조광페인트,B,B,B+,B,C,C,B,B,C,C,B,B
546,조광피혁,C,D,C,B,C,D,C,B,B,B,B,B
547,조비,C,D,C,B,C,D,B,B,C,D,B,C
548,조선내화,B,B,B,B,C,B,B,C,B,B,B,B
549,조선선재,C,D,C,B+,C,D,C,B+,C,D,C,B
550,조일알미늄,B,B,C,B+,B,B,C,B,C,B,C,C
551,조흥,C,D,C,B,B,B,C,B,B,B,C,B
552,종근당,A,A,A+,B+,B,C,B+,B+,B,C,B+,B
553,종근당바이오,B+,B+,A,B+,C,B,C,C,C,B,B,C
554,종근당홀딩스,B+,B+,A,B+,C,C,B+,C,B,C,B+,B
555,주연테크,C,C,C,C,C,C,B,C,C,C,B,C
557,지엠비코리아,C,C,C,B,C,C,B,C,C,C,C,B
558,지역난방공사,A,B+,A+,A,A,B+,A+,B+,B+,B+,A,B
559,지투알,B,D,B,B+,B,D,B+,B+,B,D,B+,B+
560,진도,D,D,D,C,B,D,B,B,C,D,C,C
561,진양산업,D,D,C,C,C,D,C,B,C,D,C,B
562,진양폴리우레탄,C,D,C,B+,C,D,C,B,D,D,C,C
563,진양홀딩스,C,D,C,B,C,D,C,C,B,D,C,B+
564,진양화학,C,D,C,B,D,D,C,C,D,D,C,C
565,진에어,B+,C,A,A,B+,C,B+,A,B,C,C,B+
566,진원생명과학,C,D,C,B+,C,D,C,B,C,C,C,C
567,진흥기업,C,C,C,B+,C,C,B,B,B,B,B,B
568,참엔지니어링,B,D,B,B+,B,B,B,B,C,B,B,D
569,천일고속,B,C,C,B+,B,C,B,B+,B,C,B,B+
570,체시스,C,D,B,B,C,C,B,C,C,C,B,B
571,초록뱀헬스케어,B,D,B,B,C,D,C,B,C,D,B,C
572,카카오,A,A,A+,A,B+,C,A+,A,B,D,B+,B+
574,카프로,B,B,C,B+,B+,B+,B,B+,B,B,B,B
575,컨버즈,B,B,C,B,D,C,C,D,D,C,C,D
576,케이비아이동국실업,C,C,C,C,C,B,B,C,C,B,C,C
577,케이씨,B,B,C,B+,B+,B,B,B+,B,B,B+,B
578,케이씨씨,B+,B+,A+,B,B+,B+,A,B,B,B+,A,C
579,케이씨텍,B,B,B,B,B,B,B,B,B,B,B+,B
580,케이씨티시,B,B,C,B,B,B,B,B,B,B,B+,B
581,케이티,A+,A+,B+,A+,A+,A,A,A+,B+,A,B,B+
582,케이티스카이라이프,A,B,A,A,B+,C,B+,B+,B+,C,B+,B+
583,케이티앤지,A,A,A+,A,A,B+,A+,A,A+,B+,A+,A+
584,코리아써키트,B,B+,C,B+,C,B+,B,C,C,B,B,C
585,코리안리,B+,B,B+,A,B,D,B,B+,B,D,B,B+
586,코스맥스,A,A,A,B+,B+,B+,B+,B,B,B,B,B
587,코스맥스비티아이,B+,A,A,B+,B,B,B,B,B,C,B,B+
588,코스모신소재,B,B,C,B,B+,B+,B,B+,B+,B+,B,B+
589,코스모화학,B,B,C,B,C,B,C,D,C,B,C,C
590,코아스,B,C,C,B+,B+,B,B,B+,B,B,C,B
591,코아스,B,C,C,B+,B+,B,B,B+,B,B,C,B
592,코오롱,B,B,B+,B,B,C,B+,B,C,C,B,C
593,코오롱,B,B,B+,B,B,C,B+,B,C,C,B,C
594,코오롱글로벌,B,C,B,B+,B,C,B,B+,B,C,B,B+
595,코오롱글로벌,B,C,B,B+,B,C,B,B+,B,C,B,B+
596,코오롱인더,A,B+,A,A,B+,B+,B+,B+,B+,B+,B+,B+
597,코오롱인더,A,B+,A,A,B+,B+,B+,B+,B+,B+,B+,B+
598,코오롱플라스틱,B+,B,B+,B+,B+,B,B+,B+,B+,B+,B+,B+
599,코오롱플라스틱,B+,B,B+,B+,B+,B,B+,B+,B+,B+,B+,B+
600,코웨이,A,A,A+,B+,A,A,A+,B+,A,A+,A,B+
601,코웨이,A,A,A+,B+,A,A,A+,B+,A,A+,A,B+
602,콘텐트리중앙,C,D,B,C,B,D,B,B,C,D,B,C
603,콘텐트리중앙,C,D,B,C,B,D,B,B,C,D,B,C
604,콤텍시스템,C,D,B,C,C,D,B,C,C,D,B,C
605,콤텍시스템,C,D,B,C,C,D,B,C,C,D,B,C
606,쿠쿠홀딩스,B,D,C,B+,B,D,B,B+,C,D,C,B
607,쿠쿠홀딩스,B,D,C,B+,B,D,B,B+,C,D,C,B
610,태림포장,C,B,C,C,C,B,C,C,C,B,C,C
611,태양금속공업,B,B,C,B,B,B+,B,B,B,B+,B,B
612,태영건설,B+,A,B,B+,B+,B,B+,B+,B,C,B,B+
613,태원물산,C,C,C,B,B,B,C,B,C,C,C,B
614,태평양물산,B,C,B+,B,C,D,B+,B,C,D,B+,B
615,테이팩스,B+,B+,B+,B+,B+,B+,B+,B,C,C,B,C
616,텔코웨어,C,D,C,B,B,D,B,B,C,D,C,B
617,토니모리,C,D,C,B+,C,D,C,B+,C,D,C,B+
618,티비에이치글로벌,B,D,B+,B+,B,C,B,B+,B,C,B+,B
619,티에이치엔,B,C,B,B+,B,B,B,B,C,C,B,B
621,티웨이홀딩스,C,D,D,B,C,D,B,C,C,D,B,D
622,티케이지휴켐스,B+,B,A,B+,C,B,B+,C,B,B,B+,B
623,파미셀,B,C,B,B+,B,B,C,B,B,B,C,B
624,팜스코,B+,B+,A,B+,B,D,B+,B+,B,D,B,B+
625,팜젠사이언스,C,D,C,C,C,D,B,C,C,C,B,C
626,팬오션,B+,B+,D,A,B+,B,B,A,B,B,C,B+
627,퍼스텍,C,C,C,B,C,B,B,C,B,B,B,B
628,퍼시스,B,C,B+,B,B,B,B,B,B,B,B,B
629,페이퍼코리아,B,B,C,B,C,C,B,C,C,B,B,C
630,평화산업,B,B+,C,B+,B,B,B,B,B,B,B,B
631,평화홀딩스,B,B+,C,B+,B,C,B,B+,B,C,B,B
632,포스코스틸리온,A,A,A+,A,A,B+,A+,B+,B+,B+,A,B+
633,포스코인터내셔널,A+,A,A+,A+,A+,A,A+,A+,A+,A,A+,A+
634,포스코케미칼,A,A,A+,B+,A,A,A+,B+,B+,B,B+,B+
635,풀무원,A+,A,A+,A+,A+,A,A+,A+,A+,A,A+,A+
636,풍산,B+,B,A,A,B+,B+,A,B+,B+,B+,B+,B+
637,풍산홀딩스,B,D,A,B+,B,B,B+,B,B+,B,B+,B+
638,플레이그램,C,D,C,C,C,D,C,C,C,D,C,C
639,하나금융지주,A,A,A+,A,A,A,A,A,A,A,A,A
641,하나투어,B+,B,A,B+,B,D,B,B,B,D,B,B
643,하이스틸,B,C,B,B+,B,B,C,B,C,C,C,C
644,하이트론씨스템즈,C,D,C,B+,B,D,B,B+,C,D,C,B
645,하이트진로,B+,B+,A,B,B,B,B,B,B,B,B+,B
646,하이트진로홀딩스,B+,B+,A,B,B,C,B,B,B,C,B+,B
647,한국가스공사,B+,B+,A,B+,A,B+,A+,B+,A,B+,A+,B+
648,한국공항,B,D,B,B+,C,D,B,B,B,C,B,B
649,한국금융지주,B+,C,A,B+,B,D,B+,B+,B,D,B+,B+
650,한국내화,B,B,B,B,C,C,B,D,D,D,C,D
651,한국단자공업,C,C,C,B+,C,C,B,B,C,C,C,C
652,한국석유공업,B+,B,B+,B+,C,C,C,B,C,C,B,B
653,한국수출포장공업,B,B,C,B+,B,B,C,B,C,B+,D,C
654,한국쉘석유,B,C,B+,B+,B,C,B+,B,C,C,C,B+
655,한국앤컴퍼니,A,B+,A+,B+,B,B+,B+,B,B+,B+,A+,B
656,한국자산신탁,C,C,B+,C,C,D,B,C,C,D,C,C
657,한국전력공사,B+,B+,A,B+,A,B+,A,A,B+,B,B+,B+
658,한국전자홀딩스,B,B,B+,B,C,C,B,C,B,C,B,B
659,한국조선해양,A,A,B+,A,B+,B+,B+,A,A,A,B+,A
660,한국종합기술,B,B,C,B+,B,B,C,B,B,B,C,B+
661,한국주강,D,D,D,C,C,D,C,C,C,D,C,C
662,한국주철관공업,C,C,C,B,C,C,C,B,C,C,C,B
663,한국철강,B,B,B,B+,C,B+,B,C,B,B+,C,B+
664,한국카본,B,B,B+,B,B+,B,B,B+,B,B,B,B
665,한국콜마,B+,B+,A,B+,B+,B,B+,B+,B,B,B,B
666,한국콜마홀딩스,B+,B,B+,A,B,B,B,B,B+,B,B,B+
667,한국타이어앤테크놀로지,B+,B+,A,B,B+,A,A+,B,B+,A,A+,B
668,한국토지신탁,C,D,C,C,C,D,B,C,C,D,C,C
670,한국프랜지공업,B,B,B+,B,C,B,B+,C,C,B,B,C
671,한국항공우주,A,A,A+,B+,A,A,A+,A,A,B+,A+,A
672,한국화장품,B,D,B,B,B,D,B+,B,B,D,B,B
673,한국화장품제조,C,C,B,B,C,D,B,B,C,C,B,C
674,한농화성,C,C,B,B,C,C,C,B,B,B,C,B
675,한독,A,B+,A,A,B+,B+,B+,B,B+,B+,B+,B+
676,한라,B+,B+,A,B+,B+,B,B+,B+,B,B,B,B
677,한라홀딩스,A,B,A+,A,B+,B,B+,A,B+,B,B+,B+
678,한미글로벌,A,A,A,A,B+,B,B+,B+,B+,B,B,B+
679,한미반도체,C,D,D,B,C,D,C,B,C,D,C,B
680,한미사이언스,A,B+,A+,A,B,B,B,B,C,B,A,D
681,한미약품,A,B+,A+,A,A,B+,A+,B+,B+,B+,A+,B
682,한샘,A,B+,A+,A,B+,B+,A+,B,B+,B,B+,B+
683,한섬,A,A,A+,A,A,B+,A,A,B,D,A,B+
684,한성기업,C,D,B,B,C,D,B,C,C,D,B,C
685,한세실업,B,B,B,B+,B,C,B,B+,B,C,B,B+
686,한세엠케이,C,D,C,B+,C,C,C,B,C,C,C,B+
687,한세예스24홀딩스,B,D,B,B+,B,C,B,B,B,C,B,B
688,한솔로지스틱스,B+,B,B+,B+,B+,B,B+,A,B+,B,B+,A
689,한솔제지,A,A,A,A,A,A,A,A,A,A,A,A
690,한솔케미칼,A,A,A,A,B+,B,B+,B+,C,B,B,C
691,한솔테크닉스,A,B+,A,A,B+,B+,B+,A,B+,B,B+,A
692,한솔피엔에스,A,B+,B+,A,A,B+,B+,A,B,D,B+,B+
693,한솔홀딩스,A,B+,A,A,A,B+,A,A,B+,B,B+,A
694,한솔홈데코,A,B+,A,A,B+,B,B+,A,A,B+,B+,A
695,한신공영,C,C,C,B,C,C,B,B,C,C,C,B
696,한신기계공업,C,D,C,B+,C,B,C,C,B,B,C,B
697,한양증권,C,D,B+,C,C,D,B+,C,C,D,B+,C
698,한온시스템,B+,B+,B+,B+,B+,B,B+,B+,B+,B+,B+,B+
699,한올바이오파마,B,D,B,B+,B,D,B+,B,B,D,B+,B+
700,한익스프레스,C,B,B,C,C,B,C,C,B,B,C,B
702,한일철강,C,D,C,B,D,D,D,C,D,D,C,C
703,한일현대시멘트,B+,B+,B+,B+,B+,B,B+,B+,B,B,B,B
704,한일홀딩스,B,B+,B+,B,B,D,B+,B+,C,D,B+,B
705,한전KPS,B,B,B,B+,B+,B+,A,B+,B+,B+,B+,B+
706,한전기술,B+,B,B+,B+,B+,B+,A,B+,B+,B+,A,B+
707,한전산업,B+,B,B+,B+,B+,B,B+,B+,B,B+,B+,B
708,한진,A,A,B+,A,B,B,C,B+,B,B,B,B
709,한진중공업홀딩스,B,D,C,B+,B,D,C,B+,C,C,C,B
710,한진칼,A,A,A,A,B+,B,B,A,C,B,A,C
711,한창,B,D,B,B,C,D,B,C,D,D,C,D
712,한창제지,C,C,C,B,B,B,C,B,C,B,B,D
713,한화,A,A,A+,A,A,B+,A,A,B+,B,B+,A
714,한화생명,A,A+,A+,B+,A,A,A+,B+,B+,B+,A,B
715,한화손해보험,A,A,A+,B+,B+,B,A,B,B+,C,A,B+
716,한화솔루션,A,A,A+,B+,A,A,A,B+,B,C,A,B+
718,한화에어로스페이스,A,A,A,A,A,A,A,A,B+,B+,B+,A
719,한화투자증권,B+,B+,A,B+,B+,B,A,B+,B,D,A,B
720,해성디에스,A,A,A+,A,A,A,A,A,A,A,A,A
721,해태제과식품,B,D,B+,B+,B,D,B+,B,B,D,B+,B+
722,핸즈코퍼레이션,B,B,B,B+,B,B,B,B+,B,B,B,B+
723,현대건설,A,A,A,A,A,A+,A,A,A,A,A,B+
724,현대건설기계,A,B+,A+,A,A,B+,A,A,B+,C,B+,A
725,현대그린푸드,A,A,A+,A,A,B+,A,A,A,B,A,A
726,현대글로비스,A,A,A+,A,A,A,A+,A,A,A,A,A
727,현대두산인프라코어,A,A,A+,A,A,A,A+,A,A,A,A,B+
728,현대로템,A,A,A+,A,B+,B,A,B+,B+,B,A,B+
729,현대리바트,A,A,A+,A,A,B,A,A,A,B,A,A
730,현대모비스,A,A,A+,A,A,B+,A+,A,A,A,A+,B+
731,현대미포조선,A,A,A+,A,A,A,A+,A,B+,B,A,B
732,현대백화점,A,A,A+,A,A,B+,A,A,A,B,A+,A
733,현대비앤지스틸,A,B+,A+,B+,B+,B+,A,B+,B+,B+,A,B
734,현대약품,B,C,B,B+,B,B,B+,B,B,B,B+,B
736,현대엘리베이터,A,B+,A,A,A,B+,A,A,B+,B+,B+,B+
738,현대위아,A,A,A+,A,A,A,A+,A,B+,B,A,B+
739,현대일렉트릭,A,A,A+,A,A,A,A+,A,B+,B,A,B+
740,현대자동차,A,A,A,A,A,A,A+,A,B+,A,A,B
741,현대제철,B+,B+,B+,A,B+,B+,A,B+,B+,B+,A,B+
742,현대차증권,A,B+,A+,A,A,B,A+,A,B+,C,A,B+
743,현대코퍼레이션,B+,B+,A,B+,B,D,B,B,B,D,C,B+
744,현대코퍼레이션홀딩스,B+,C,A,B+,C,D,C,B,C,D,C,B
745,현대퓨처넷,B+,C,A,A,B+,C,A,A,B+,C,A,B+
746,현대해상,A,A,A+,A,A,B+,A,A,A,A,A+,A
747,현대홈쇼핑,A,A,A+,A,A,A,A,A,A,B,A,A
748,형지엘리트,C,D,B,B,C,D,B,C,C,D,B,C
749,혜인,B,B,B,B,C,B,C,C,C,B,B,C
750,호전실업,C,D,C,B+,C,D,C,B+,B,D,B,B+
751,호텔신라,A,B+,A+,A,A,A,A,A,A,A,A,A
752,화성산업,B,C,B+,B+,B,C,B,B+,B,D,B,B+
753,화승엔터프라이즈,B+,B,B+,A,B+,B+,B,A,B,D,B,B+
754,화승인더스트리,B+,B,B+,A,B,B,B,B+,B,B,B,B+
755,화승코퍼레이션,B+,B+,B,B+,B+,B+,B+,B+,B+,B+,B+,B+
756,화신,B+,B+,A,B+,C,D,B+,B,C,D,B,C
757,화인베스틸,B,B,C,B,B,B,C,B,B,B,C,B+
758,화천기계,C,D,C,B,C,B,B,C,C,B,C,C
759,화천기공,B,D,B,B+,C,D,C,B,C,D,B,B
760,환인제약,B,D,B,B+,B,D,B+,B+,B,C,B,B+
761,황금에스티,C,D,C,B,D,D,C,C,D,D,C,C
762,효성,A,A,A+,B+,A,A,A+,B+,C,B,B,D
763,효성 ITX,B+,C,B+,B+,B+,C,B+,B+,B,C,B+,B
768,후성,B+,A,B,B,C,B,C,C,B,B,C,B
769,휠라홀딩스,A,B+,A+,A,B+,B,B+,B+,C,D,B,C
770,휴니드테크놀러지스,B,C,B+,B+,C,C,B,B,B,C,B,B+
771,휴비스,A,B+,A+,A,B+,B+,B+,B+,B,B,B,B
772,휴스틸,C,C,C,B,C,B,B,C,B,B,C,B
773,흥국화재,B+,B,A,B,B,D,A,B,B,D,B,B
774,흥아해운,D,D,C,D,D,D,C,D,C,D,C,B
